qid,doc_id,fable_question,reference_question,BLEU-4,ROUGE-L,METEOR,BERTScore,fable_fluency,reference_fluency,fable_clarity,reference_clarity,fable_conciseness,reference_conciseness,fable_relevance,reference_relevance,fable_consistency,reference_consistency,fable_answerability,reference_answerability,fable_answer_consistency,reference_answer_consistency
21,440,Hvor ofte kommer podkasten Trond Moi og den sultne naboen ut?,Når kommer podcasten Trond Moi og den sultne naboen ut?,0.6315552371794033,0.7272727272727273,0.785891089108911,0.9215198159217834,3,3,3,3,3,3,3,3,3,3,3,3,3,3
2393,298,Hvor mye anslår Australia Institute at den norske stat kommer til å tjene på Equinors olje- og gassproduksjon i Australbukta?,Hvor mye regner Australia Institute med at Norge vil tjene på olja og gassen i Australbukta?,0.11762897816355773,0.5555555555555556,0.5439024390243904,0.879585862159729,3,3,3,2,3,3,3,3,3,3,3,3,3,3
2215,225,Hvem er EUs konkurransekommissær?,Hvem jobber som konkurransekommissær i EU?,0.09423716574733432,0.5,0.08620689655172413,0.9274852275848389,3,3,3,3,3,3,2,2,3,3,3,3,3,3
1715,183,Hva slags bil kjørte av veien på Klokkarstua i Hurum?,Hva slags bil kjørte av veien i Hurum?,0.5877283725105324,0.9,0.9679878048780488,0.9316218495368958,3,3,3,3,3,3,3,3,3,3,3,3,3,3
475,551,Hvilken dag bekreftet St. Pauli at Sahin ikke skal trene eller spille kamper med laget i tiden som kommer?,Når kom den endelige beskjeden om at Cenk Sahin ikke skal spille for St. Pauli fremover?,0.1258220555845937,0.27777777777777773,0.3893827469638162,0.7839416861534119,3,3,3,3,3,3,3,3,3,3,3,3,3,3
1825,213,Hvor mye har Idex-aksjen falt i verdi de siste tre årene?,Hvor mye har Idex-aksjen falt de siste 3 åra?,0.3770063804549471,0.7272727272727272,0.7519964507542148,0.961206316947937,3,3,3,3,3,3,3,3,3,3,3,3,3,3
1522,664,Hva står forkortelsen NVE for?,Hva er NVE?,0.10682175159905853,0.4444444444444444,0.15625,0.8399884104728699,3,3,3,2,3,3,2,2,3,3,3,3,3,2
553,571,Hvor ble rakfisken som mistenkes å ha forårsaket botulisme produsert?,Hvor er Erik Strickert daglig leder?,0.04456882760699063,0.125,0.078125,0.7087321281433105,3,3,3,3,3,3,3,2,3,3,3,3,3,3
132,467,Hva roper hjemmepublikummet taktfast når Mats Zuccarello er på isen?,Hvilket kallenavn har Mats Zuccarello i NHL?,0.08295193507109859,0.2222222222222222,0.2568493150684931,0.7533495426177979,3,3,3,3,3,3,2,2,3,3,3,3,3,3
347,520,Hvem var statsminister i Storbritannia da opposisjonen krevde en garanti mot å forlate EU uten avtale?,Hvem er statsminister i Storbritannia?,0.09672649511413096,0.4,0.418943533697632,0.8120149374008179,3,3,3,2,3,3,3,2,3,3,3,3,3,3
1590,139,Hvilket år gikk Sissel Berdal Haga av med pensjon som dommer i Oslo byrett?,I hvilket år begynte Sissel Berdal Haga å jobbe for Olav Thon Gruppen?,0.11114924776032012,0.3846153846153846,0.42938931297709926,0.8017020225524902,3,3,3,3,3,3,2,2,3,3,3,3,3,3
1127,500,Hvor gammel er Nils Olav Lausund?,Hvor gammel er DJ Nils Noa?,0.2777619034011791,0.6666666666666666,0.625,0.9031832814216614,3,3,3,3,3,3,3,3,3,3,3,3,3,3
2354,289,Hvem skal helseminister Bent Høie møte tirsdag kveld?,Hvem skal Høie treffe tirsdag kveld?,0.23356898886410016,0.7058823529411764,0.7193548387096775,0.8797012567520142,3,3,3,3,3,3,3,3,3,3,3,3,3,3
2374,290,Hvorfor møtte ikke den italienske duoen Enrico Rossi/Adrian Carambula opp til kamp mot Mol og Sørum?,Hva gjorde at Mol og Sørum vant med walkover mot Rossi og Carambula?,0.09313775329024092,0.24242424242424243,0.11278195488721804,0.7967439293861389,3,3,3,2,3,3,2,2,3,2,3,3,3,3
1934,255,Hvilken rolle har Daniel Røed-Johansen i Sprekpodden?,Hva jobber Daniel som?,0.06567274736060395,0.15384615384615383,0.11627906976744187,0.7330927848815918,3,3,3,2,3,3,2,2,3,3,3,2,3,3
67,456,Hvilket nettsted jobber Helge Rønning Birkelund for?,Hvem har intervjuet Geir Pollestad fra Sp?,0.05522397783539471,0.0,0.0,0.6905404925346375,3,3,3,2,3,3,2,2,3,3,2,2,3,3
198,481,Når kom selvmålet til Aleksandar Sofranac som gjorde at England ledet 6-0?,Når kom det sjette målet til England?,0.06608973813188646,0.5,0.34074074074074073,0.7698419094085693,3,3,3,2,3,3,3,3,3,3,3,3,3,3
412,541,Hvor dro Bjørn Magnussen etter å ha snakket med faren og bestefaren på tribunen?,Hvor dro Bjørn Magnussen etter å ha snakket med bestefar og far på tribunen?,0.6606328636027619,0.8571428571428571,0.8504464285714286,0.9651207327842712,3,3,3,3,3,3,2,2,3,3,3,3,3,3
1511,659,Hvilken norsk spiller ble kåret til månedens spiller i Spania for september?,Hvem ble månedens spiller i Spania i september?,0.2390108882452814,0.6086956521739131,0.5076058201058201,0.8795590400695801,3,3,3,3,3,3,3,3,3,3,3,3,3,3
902,673,"Ifølge legen Ove Talsnes, hvem kunne fint ha levd med skaden Henrik Ingebrigtsen hadde i tåa?",Hvem kunne fint levd med skaden som Henrik Ingebritsen ble operert for?,0.10934883431625593,0.4666666666666666,0.5422975641869652,0.830718457698822,3,2,3,3,3,3,3,3,3,3,3,3,3,3
778,636,Hvilket nivå er en ATP 1000-turnering på?,På hvilket nivå er ATP 1000-turneringer?,0.20556680845025987,0.6666666666666666,0.6147540983606558,0.8734747171401978,3,3,3,3,3,3,2,2,3,3,3,3,3,3
1963,273,I hvilket land ligger konsulatet der Jamal Khashoggi ble drept?,I hvilket land ligger Istanbul?,0.24808415001701817,0.5333333333333333,0.7215909090909091,0.8220189809799194,3,3,3,3,3,3,3,2,3,3,3,3,3,3
852,657,Hva var Jon Fosse kjent for?,Hva er Jon Fosse berømt for?,0.1964073254502566,0.6153846153846153,0.5260416666666666,0.9315230846405029,3,3,3,2,3,3,3,3,3,2,3,2,3,2
2213,178,Hvilken politisk stilling har Kamala Harris?,Hva jobber Bernie Sanders som for tida?,0.056930253302784645,0.0,0.0,0.7869960069656372,3,3,3,3,3,3,2,2,3,3,3,3,3,3
410,536,Hvilken yrkestittel har Marianne Skolem Andersen?,Hvem er Marianne Andersen?,0.14535768424205484,0.4,0.2380952380952381,0.7870761156082153,3,3,3,2,3,3,2,2,3,3,3,2,3,2
1432,627,Når meldte politiet om hendelsen i Haakon Tveters vei?,Når meldte politiet først om trussel-situasjonen?,0.17747405280050266,0.5263157894736842,0.5952380952380953,0.8343107104301453,3,3,3,2,3,3,3,3,3,3,3,3,3,3
1619,146,"Hva må man gjøre for å vinne, ifølge Johannes Thingnes Bø?",Hva må man gjøre for å vinne ifølge Thingnes Bø?,0.5923033072023252,0.9565217391304348,0.8745874587458746,0.9378847479820251,3,3,3,3,3,3,2,2,3,3,3,3,3,3
927,682,Hvor mye har prisen på kjedenes billigste kjøttdeig steget i prosent siden slutten av fjoråret?,Hvor mye mer koster kjøttdeig i år enn i fjor?,0.06150343144231885,0.42857142857142855,0.3005952380952382,0.7988806366920471,3,3,3,2,3,3,3,3,3,3,3,2,3,2
1528,666,"Hva har blitt diskutert i denne valgkampen, ifølge skribenten?",Hva har blitt diskutert i denne valgkampen?,0.5900468726392806,0.8235294117647058,0.8314043209876543,0.9341776967048645,3,3,3,2,3,3,3,3,3,3,3,3,3,3
1654,165,Hvem scoret målene da Røa slo Sandviken 2-0?,Hvem scoret for Røa i kampen mot Sandviken?,0.09425159511373676,0.5,0.3194444444444444,0.8690716028213501,3,3,3,3,3,3,3,3,3,3,3,3,3,3
1171,514,Hvor er Tim Bale professor?,Hvor er Tim Bale professor?,1.0000000000000004,1.0,0.996,1.000000238418579,3,3,3,3,3,3,2,2,3,3,3,3,3,3
1818,210,Hvilken rolle har Bryan Robson i Manchester United?,Hva er Bryan i dag?,0.06274655310994741,0.3076923076923077,0.18867924528301888,0.7582010626792908,3,3,3,1,3,3,2,2,3,2,3,2,3,2
80,458,Hvilket lag skal Norge møte på Ullevaal fredag?,Hvilket lag spiller Norge mot på fredag på Ullevål Stadion?,0.1004870239584817,0.5,0.32206632653061223,0.8537598848342896,3,3,3,3,3,3,3,3,3,3,3,3,3,3
1195,527,Hvilket parti melder flere medlemmer seg ut av i protest etter at partiet gikk i regjering med Frp?,Hvilket parti sin politikk er Ole Tom Guse mest enig med?,0.04814971807094068,0.20689655172413793,0.16025641025641027,0.7230039238929749,3,2,3,3,3,3,3,2,3,3,3,3,3,3
1215,533,Hva ødela seiersmulighetene for Martin Fourcade i sprinten?,Hvorfor vant ikke Martin Fourcade?,0.10552670315936317,0.3076923076923077,0.09433962264150944,0.8136675357818604,3,3,3,2,3,3,2,2,3,3,3,3,3,3
2325,322,"Hva kan Østlandet vente seg neste uke, til tross for at det er ventet lavere temperaturer?",Hva kan Østlandet vente seg neste uke?,0.3381307292971254,0.6086956521739131,0.7577355836849508,0.8729131817817688,3,3,3,2,3,3,3,3,3,3,3,2,3,3
796,642,Hvorfor flyttet Hans Jørgen Kjenes alene til Austevoll da han var 16 år gammel?,Hvorfor flytta Kjenes til Austevoll?,0.06608973813188646,0.4,0.2542372881355932,0.8640481233596802,3,3,3,3,3,3,3,3,3,3,3,3,3,3
1780,196,Hva heter hovedstaden i Nord-Irland?,Hvilken by vokste Myra McKee opp i?,0.06916271812933183,0.15384615384615383,0.0,0.7097046971321106,3,3,3,3,3,3,2,3,3,2,3,3,3,3
232,489,Hvilke folkegrupper håper man kan finne håp i historien om folkets riving av Berlinmuren?,Hvilke folk lever i ufrie regimer i dag?,0.034585921141027355,0.16666666666666666,0.11627906976744187,0.7404541969299316,3,3,3,2,3,3,3,3,3,2,3,2,3,2
871,662,Hvilken norsk alpinist ble nummer to bak Marcel Hirscher i storslalåmrennet i Adelboden?,Hvem ledet i Sveits etter første omgang?,0.03377156414337854,0.09090909090909091,0.06578947368421054,0.6806195378303528,3,3,3,2,3,3,3,3,3,3,3,3,3,3
1918,252,Hvilken farge på kartet viser områdene med sterkest vind?,Hvilken farge har områdene med sterkest vind på kartet?,0.3655552228545123,0.7,0.625,0.9338263273239136,3,3,3,3,3,3,2,2,3,3,3,3,3,3
1693,174,Hvordan ser valgutsiktene ut for den rødgrønne siden?,Hvordan ser valgutsiktene ut for den rødgrønne sida?,0.7506238537503396,0.9,0.8737244897959183,0.9857566356658936,3,3,3,3,3,3,3,3,3,3,3,3,3,3
1960,267,Hvor mye må rekrutteringen til helsebransjen øke i årene som kommer for å løse samfunnets utfordringer i helsesektoren?,Hvordan må rekrutteringa til helsesektoren øke de neste åra for å løse samfunnets utfordringer i bransjen?,0.290226611529142,0.5294117647058824,0.531169029111416,0.9062730073928833,3,3,3,3,3,3,3,3,3,3,2,3,2,3
589,581,Hva heter stesøsteren til Philip Manshaus som ble funnet drept?,Hvem er Philip Manshaus stesøster?,0.08295193507109859,0.23529411764705885,0.34090909090909094,0.8621265292167664,3,3,3,2,3,3,3,3,3,3,3,3,3,3
1572,688,"Hva hater Isabelle Eriksen, ifølge Erik Sæter?",Hva er det Isabelle Eriksen misliker sterkt?,0.11339582221952005,0.375,0.14285714285714285,0.8003739714622498,3,3,3,2,3,3,2,2,3,3,3,3,3,3
1221,535,Hvordan beskrives kriminelle miljøer i Oslo øst og sør og ungdomskriminelle nettverk?,Hvordan beskriver politiet kriminelle miljøer i Oslo øst og sør og ungdomskriminelle nettverk?,0.7799950505759813,0.896551724137931,0.9280792420327304,0.9519374966621399,3,3,3,3,3,3,3,3,3,3,3,3,3,3
560,573,Hva skrev Barcelonas ordfører Ada Colau på Twitter etter frifinnelsen?,Hva skrev Barcelonas ordfører på Twitter?,0.28997844147152074,0.7777777777777778,0.75625,0.8742534518241882,3,3,3,3,3,3,3,3,3,3,3,3,3,3
1042,454,Hvilket selskap startet med en panteordning for bruktklær for to år siden?,Hvem jobber Yngvill Ofstad for?,0.03673526562988939,0.1111111111111111,0.0,0.6754451394081116,3,3,3,3,3,3,3,2,3,3,3,3,3,3
361,522,Hvor kritiserte Elon Musk Porsches bruk av uttrykket «turbo»?,Hvor slenger Trump med leppa mot Porche?,0.04990049701936832,0.125,0.06944444444444445,0.6987362504005432,3,2,3,1,3,3,3,2,3,1,3,1,3,1
655,626,Hva slags serie er «Homecoming»?,Hvilken type serie er Homecoming?,0.17965205598154213,0.6,0.37500000000000006,0.9084445238113403,3,3,3,3,3,3,3,3,3,3,3,3,3,3
2173,201,Når frigjør de ulike plantene sitt pollen?,Når frigjør planter pollen?,0.15619699684601276,0.6666666666666667,0.5943152454780362,0.8839309811592102,3,3,3,3,3,3,2,2,3,3,3,3,3,3
1679,169,Når skjedde overfallet på kvinnen med barnevogn?,Når mener politiet at overfallet skjedde?,0.07809849842300637,0.39999999999999997,0.1639344262295082,0.8138800263404846,3,3,3,3,3,3,3,3,3,3,3,3,3,3
765,630,Hva heter selskapet som driver pleiehjemmet der kvinnen i vegetativ tilstand fødte et barn?,Hvilket selskap driver pleiehjemmet som kvinenn var innlagt på?,0.06250381527944883,0.16666666666666669,0.2690058479532164,0.7993181347846985,3,2,3,3,2,3,3,3,3,3,3,3,3,3
374,532,Hvem er vaksinepillen Itulazax godkjent for?,Hvem er den nye pillen fra ALK godkjent for?,0.20024850746991504,0.5333333333333333,0.4310344827586207,0.8261269330978394,3,3,3,3,3,3,3,3,3,3,3,3,3,3
1289,566,Hvordan sa Kilde at VM hadde gått?,Hvordan syntes Aleksander Aamodt kilde selv at VM gikk?,0.10229197414177778,0.47058823529411764,0.35866477272727276,0.8443889021873474,3,2,3,3,3,3,3,3,3,3,3,3,3,3
1844,218,Hva heter pressekontakten i ExxonMobil som uttalte seg om årsaken til at selskapet besluttet å selge sine andeler på norsk sokkel?,Hvem sitter som pressekontakt i ExxonMobil?,0.04108053662461269,0.15384615384615383,0.13333333333333333,0.7820687890052795,3,3,3,3,2,3,2,2,3,3,3,3,3,3
1268,559,Hvilken stilling har Bjørn Kjos i Norwegian?,Hvilken stillingstittel har Bjørn Kjos?,0.23356898886410016,0.7142857142857143,0.49145299145299143,0.9034985303878784,3,3,3,3,3,3,2,2,3,3,3,3,3,3
702,611,Når er VM?,Når kommer VM i Seefeld?,0.12750736437345597,0.6,0.10416666666666666,0.8765370845794678,3,3,2,3,3,3,2,2,3,3,3,3,3,3
1401,610,"Hvem var samferdselsminister da toppene fra Jernbanedirektoratet, Bane Nor og Vy måtte møte for å redegjøre for sommerens togstans?",Hvem er nå samferdselsminister?,0.023901021968803136,0.16,0.0909090909090909,0.7548035383224487,3,3,3,2,2,3,3,2,3,2,3,3,3,3
1176,516,Når mottok de ansatte hos JPMorgan i Hongkong tekstmeldingen om å søke tilflukt?,Når fikk de ansatte i JPMorgan en tekstmelding fra ledelsen?,0.07474875887495341,0.4,0.3611650485436893,0.8454350233078003,3,3,3,2,3,3,3,3,3,2,3,2,3,3
1725,185,Hvilken klubb har Frenkie de Jong signert for?,Hvilken spansk klubb skal Frenkie de Jong gå over til?,0.1689983564524027,0.5555555555555556,0.45510204081632655,0.8853394389152527,3,3,3,3,3,3,3,3,3,3,3,3,3,3
1145,507,Når slo Enger selskapet konkurs?,Når gikk Veireno konkurs?,0.17965205598154213,0.5454545454545454,0.24390243902439024,0.8565354943275452,3,3,3,3,3,3,3,3,3,3,3,3,3,3
1234,543,Hvor holdt Giske sin 1. mai-tale?,Hvor holdt Trond Giske årets 1. mai-tale?,0.3770794596593207,0.7999999999999999,0.6463768115942029,0.9346867799758911,3,3,3,3,3,3,2,2,3,2,3,3,3,3
988,438,Hvorfor dropper Martin Fourcade verdenscuprennene i Nord-Amerika?,Hvorfor hopper Fourcade over verdenscuprennene i Nord-Amerika?,0.38260294162784453,0.75,0.6371428571428571,0.943339467048645,3,3,3,3,3,3,3,3,3,3,3,3,3,3
1895,234,Hvem dømte kampen mellom Spania og Sverige?,Hvem dømte kampen mellom Spania og Sverige?,1.0000000000000004,1.0,0.9985422740524781,0.9999999403953552,3,3,3,3,3,3,2,2,3,3,3,3,3,3
2147,194,Hva er Italia tynget av?,Hva byrder Italia?,0.10682175159905853,0.5,0.15625,0.7943753600120544,3,1,3,2,3,3,3,3,3,3,3,2,3,3
1851,221,Hvem hadde stillingen som USAs nasjonale etterretningsdirektør før Dan Coats tok over i mars 2017?,Hvem var etterretningsdirektør i USA før Dan Coats fikk stillingen?,0.11633270842295033,0.4827586206896552,0.5451895043731778,0.8931000232696533,3,3,3,3,2,3,3,3,3,3,3,3,3,3
811,646,Hvem er Laila Anita Bertheussens forsvarer?,Hvem representerer Laila Bertheussen?,0.08643019616048525,0.4,0.2380952380952381,0.8489773273468018,3,3,3,2,3,3,3,3,3,3,3,3,3,3
2154,171,Når la Phil Neville opp som fotballspiller?,Når avsluttet Gary Neville sin fotballkarriere?,0.07267884212102742,0.39999999999999997,0.1639344262295082,0.8297699093818665,3,3,3,3,3,3,3,2,3,2,3,1,3,1
1161,512,Hvem kastet en demonstrant et egg mot under en antiregjeringens-protest i slutten av august?,Hvem har brukt tåregass og batonger mot demonstranter i Hong Kong?,0.03716499092256817,0.22222222222222224,0.13274336283185842,0.7514422535896301,2,3,3,3,3,3,2,3,3,3,3,3,3,3
910,675,Hvem er partileder i det spanske ytre høyre-partiet Vox?,Hvem er leder for Vox?,0.11868405219520975,0.37499999999999994,0.4732510288065844,0.8324830532073975,3,3,3,3,3,3,3,3,3,3,3,3,3,3
35,446,Hvilke forslag fra Støre likte forfatteren av artikkelen godt?,Hvilket to forslag lanserte Støre på premieredagen?,0.05522397783539471,0.33333333333333326,0.1388888888888889,0.7850464582443237,3,2,3,2,3,3,3,3,3,2,3,3,3,3
603,584,Hva mener Corbyn er den beste muligheten for å hindre at britene forlater EU uten en sluttavtale?,Hva mener Corbyn er den beste muligheten for Storbritannia å forlate EU uten en sluttavtale?,0.6028817681965138,0.7999999999999999,0.9165212137486572,0.9432719945907593,3,2,3,1,3,3,3,2,3,1,3,1,3,1
580,579,Hvorfor var båtene som bisto i søket av det mindre slaget?,Hvorfor ble det brukt små båter under søket?,0.04789232204309912,0.34782608695652173,0.12048192771084339,0.8214215636253357,3,3,3,3,3,3,3,3,3,3,3,3,3,3
760,628,Hvor gamle var de fire ofrene R. Kelly er tiltalt for seksuelle overgrep mot?,Hvilken aldersgruppe tilhørte ofrene til R. Kelly?,0.10343603005129705,0.2727272727272727,0.12987012987012989,0.7727127075195312,3,3,3,2,3,3,3,3,3,3,3,3,3,3
2091,147,Hvorfor vurderer amerikanerne å trekke finansieringen av oppgraderingen av den militære flyplassen på Rygge?,Hvorfor vurderer USA å droppe finansieringen av oppgradering på militærflyplassen på Rygge?,0.14865996369027276,0.5384615384615384,0.46922047507527603,0.9411318302154541,3,3,3,3,3,3,3,3,3,3,3,3,3,3
1813,209,Hvor mye penger hadde flyverten Carlos Alberto Munoz-Moyano faktisk med seg?,Hvor mye penger hadde den mannlige flyverten faktisk med seg?,0.4366835442847811,0.7272727272727272,0.7711943069306932,0.8637707829475403,3,3,3,3,3,3,3,3,3,3,3,3,3,3
2339,286,Hvorfor er fristen for å signere utøveravtalen med Norges Skiforbund utsatt til 10. juni?,Hva er grunnen til at signeringsfristen har blitt utsatt?,0.03458592114102736,0.17391304347826086,0.10526315789473684,0.7471798062324524,3,3,3,3,3,3,3,3,3,3,3,3,3,3
437,544,Hvor mange nye Lotto-millionærer ble trukket i supertrekningen?,Hvor mange nye millionærer ble trukket på lørdag?,0.23356898886410016,0.7,0.605,0.8856647610664368,3,3,3,3,3,3,3,3,3,3,3,3,3,3
1117,496,Hvor møtte Christian Eriksen pressen da han antydet at han kan forlate Tottenham?,Hvor møtte Eriksen journalistene?,0.06754312828675707,0.4210526315789473,0.5215419501133787,0.7857759594917297,3,3,3,2,3,3,2,2,3,3,3,3,3,3
2159,207,Hvor mange mennesker omkom i flystyrten i Etiopia søndag?,Hvor mange mennesker mistet livet i ulykka?,0.17747405280050266,0.47058823529411764,0.5208333333333334,0.841098964214325,3,3,3,2,3,3,3,3,3,3,3,3,3,3
422,540,Hvem scoret målene da Napoli slo Liverpool 2–0 i Champions League-åpningen?,Hvem scorte målene til Napoli mot Liverpool?,0.05063996506781411,0.45454545454545453,0.2027027027027027,0.8319922685623169,3,2,3,3,3,3,3,3,3,3,3,3,3,3
1905,241,Hvor mye kan NTNUs campus totalt komme til å koste?,Hva kan kostnaden for NTNUs nye campus ende på?,0.05300156689756295,0.3333333333333333,0.1648351648351648,0.8570542335510254,3,3,3,3,3,3,3,3,3,3,3,3,3,3
1610,143,"I hvilket land er Johannesburg, byen der Ryan Giggs er på turné med mesterligatrofeet?",I hvilket land ligger Johannesburg?,0.10343603005129705,0.4210526315789473,0.4990583804143126,0.7865843772888184,3,3,3,2,2,3,2,2,3,3,3,3,3,3
2064,320,Hvordan sier innenriksminister Raya al-Hassan at hun ser på sammenstøtene?,Hvordan ser innenriksministeren på sammenstøtene?,0.15851165692617147,0.5555555555555556,0.5738636363636364,0.8670045733451843,3,3,3,3,3,3,3,3,3,3,3,3,3,3
750,625,Hva har myndighetene på Samoa avdekket når de har undersøkt hvorfor foreldre holdt syke barn hjemme så lenge?,Hvorfor har mange foreldre holdt sine syke barn hjemme lenge?,0.11451997463067551,0.4666666666666667,0.6503182870370371,0.8413724899291992,3,3,3,3,2,3,3,3,3,3,3,3,3,3
2392,259,Hvor ofte flyr Luftforsvaret over deler av Vestlandet?,Hvor ofte flyr kampfly over Vestlandet?,0.23356898886410016,0.7142857142857143,0.7193548387096775,0.9257935881614685,3,3,3,3,3,3,2,2,3,3,3,3,3,3
9,631,Hvor ligger Meteorologisk institutts målestasjon i Bergen?,Hvor ligger Meteorologisk institutts målestasjon i Bergen?,1.0000000000000004,1.0,0.9985422740524781,1.0,3,3,3,3,3,3,3,3,3,3,3,3,3,3
2203,220,I hvilket land utvider myndighetene portforbudet etter voldsomme opptøyer og demonstrasjoner?,I hvilket land er Sebastián Piñera president?,0.13545994273378142,0.28571428571428575,0.39789789789789787,0.710887610912323,3,3,3,3,3,3,3,2,3,3,3,3,3,3
191,480,Hvilken ministerpost har Amanda Lind i Sverige?,Hvilken jobb har Amanda Lind nylig fått?,0.23356898886410016,0.5333333333333333,0.5357142857142857,0.8428943157196045,3,3,3,3,3,3,3,3,3,3,3,3,3,3
421,539,Hvor langt hoppet Andreas Stjernen i kvalifiseringen på Lillehammer?,Hvor langt hoppet Andreas Stjernen i Lillehammer?,0.5814307369682195,0.8750000000000001,0.9608843537414966,0.9047515392303467,3,3,3,2,3,3,3,3,3,3,3,3,3,3
1700,177,Hva er det lett å anklage Sp-lederen Trygve Slagsvold Vedum for?,Hva kan man enkelt anklage Trygve Slagsvold Vedum for?,0.3448444257953326,0.6,0.6114130434782608,0.8722423911094666,3,3,3,3,3,3,3,3,3,3,3,3,3,3
1206,529,Hvem sammenlignet Trump Londons borgermester Sadiq Khan med?,Hvem er borgermester i NY?,0.06274655310994741,0.3076923076923077,0.18867924528301888,0.7870759963989258,3,2,3,2,3,3,3,2,3,3,3,3,3,3
2023,302,Hva sa Warholm at det alltid er å vinne?,Hvordan synes Warholm det er å vinne?,0.29071536848410967,0.5714285714285715,0.6194444444444446,0.9038808345794678,2,3,2,3,3,3,2,2,3,3,3,3,3,3
711,616,Hva heter Aftenpostens debattsider for ungdom mellom 13 og 21 år?,Hva heter Aftenpostens debattsider for ungdom?,0.43361890903486766,0.7058823529411764,0.7661538461538462,0.9330877661705017,3,3,3,3,3,3,2,2,3,3,3,3,3,3
459,547,Hvilke lag skal Manchester City møte i de to kommende rundene?,Hvilke lag skal City møte de neste to rundene i Premier League?,0.17343130730859588,0.7199999999999999,0.5902048319327732,0.9103954434394836,3,3,3,3,3,3,3,3,3,3,3,3,3,3
1046,459,Hvor skal voldtektene ha funnet sted?,Hvor skal kulturtoppen ha utført voldtektene?,0.16515821590069035,0.4615384615384615,0.42592592592592593,0.8835175633430481,3,3,3,3,3,3,3,3,3,3,3,3,3,3
2032,307,Hva slags vann bør man bruke sammen med mikrofiberklut når man vasker vinduer?,Hvordan skal vannet til vindusvasken være?,0.028398387225677894,0.0,0.0,0.7607976198196411,3,3,3,2,3,3,3,3,3,3,3,2,3,3
1921,251,Hva er Isfit i Trondheim regnet som?,Hva regnes Isfit som?,0.13134549472120788,0.5454545454545454,0.3488372093023256,0.8979105949401855,3,3,2,2,3,3,3,3,3,3,2,2,3,3
2332,242,Hva utnyttet Rodrigo da han rundet keeper Cillessen etter kun fem minutters spill?,Hva brukte Rodrigo til sin fordel?,0.03737437943747671,0.21052631578947367,0.14925373134328357,0.7414041757583618,3,3,3,1,3,3,3,2,3,3,3,2,3,2
1032,453,Hvor langt foran Sophie Caldwell gikk Nilsson over målstreken?,Hvor langt bak vinneren var Sophie Caldwell?,0.12549310621989482,0.47058823529411764,0.35493827160493824,0.833136796951294,3,3,3,3,3,3,3,3,3,3,3,3,3,3
1409,612,Hvem tar seg foreløpig av granskingen av knivangrepet i Villeurbanne?,Hvem tar seg foreløpig av granskingen av hendelsen?,0.5900468726392806,0.7999999999999999,0.8524141363862616,0.8627868294715881,3,3,3,2,3,3,3,3,3,3,3,3,3,3
100,462,Hva står forkortelsen FNB for?,Hva står FNB for?,0.3799178428257963,0.9090909090909091,0.9146341463414633,0.8933678865432739,3,3,3,3,3,3,3,3,3,3,3,3,3,3
1010,445,Hvor mye anslo Per Sandberg i 2012 at mulla Krekar-saken totalt hadde kostet?,Hvor mye anslo Per Sandberg at totalkostnaden for Mulla Krekar var på i 2012?,0.3031507009956632,0.5714285714285714,0.539568345323741,0.8696993589401245,3,2,3,2,3,3,3,3,3,3,3,3,3,3
1937,260,Hvor jobber forskeren Hannah Joan Jørgensen?,Hvor jobber Hannah?,0.15619699684601282,0.6,0.5681818181818182,0.8514845967292786,3,3,3,2,3,3,2,2,3,3,3,3,3,3
1028,451,Hva mener terrorforsker Magnus Ranstorp at Den nordiske motstandsbevegelsen forsøker å vise med hærverket mot jødiske mål i Norden?,Hva mener Ranstorp Den nordiske motstandsbevegelsen ønsker å vise med aksjonene sine=,0.14025775160081466,0.4848484848484849,0.6775541946145621,0.8222239017486572,3,2,3,3,3,3,3,3,3,3,3,3,3,3
1123,498,Når starter Hege Kosberg i sin nye stilling i Dagens Næringsliv?,Når begynner Hege Kosberg i Dagens Næringsliv?,0.3066148710292676,0.7272727272727274,0.7601351351351351,0.9112175107002258,3,3,3,3,3,3,3,3,3,3,3,3,3,3
369,526,Hvor ligger aluminaraffineriet Alunorte?,Hvor ligger Alunorte-raffineriet?,0.23643540225079385,0.75,0.6048387096774195,0.8851191997528076,3,3,3,3,3,3,2,2,3,3,3,3,3,3
2043,315,Hvilket lag tapte 1–3 hjemme mot Manchester City?,Hvilket lag spilte Luka Milivojevic for?,0.10552670315936317,0.26666666666666666,0.30241935483870974,0.7305927872657776,3,3,3,3,3,3,3,2,3,3,3,3,3,3
660,599,Hva hadde Reiulf Steen et fantastisk forhold til?,Hvem hadde Reiulf Steen et supert forhold til?,0.4316700106852254,0.75,0.7361111111111112,0.93924880027771,3,3,3,3,3,3,2,2,3,3,3,3,3,3
2083,144,Hva sa Henrik Kristoffersen til seg selv før start i storslalåmrennet i Åre-VM?,Hva kunne man høre at Henrik Kristoffersen sa til seg selv før rennets start?,0.22366093315758598,0.5625,0.539568345323741,0.823739230632782,3,3,3,3,3,3,3,3,3,3,3,3,3,3
1100,487,Hva må skje før Equinor kan starte arbeidet med å bore en letebrønn i Australbukta?,Hva må skje før Equinor kan bore letebrønn i South Australia?,0.3583129187641355,0.7586206896551724,0.7748538011695907,0.894766092300415,3,2,3,2,3,3,3,3,3,3,3,3,3,3
25,441,Hvor kommer rapperen Asap Rocky fra?,Fra hvilken amerikansk by kommer Rakim Mayers?,0.06770186228657864,0.15384615384615383,0.07246376811594203,0.746578574180603,3,3,2,3,3,3,3,3,3,3,3,3,3,3
1422,621,Hva gruer elever seg til når de ikke får vite om anmerkningene sine?,Hvilken samtale gruer noen elever seg til?,0.12011055432195765,0.36363636363636365,0.3362573099415205,0.7878183722496033,3,3,3,2,3,3,3,2,3,3,3,3,3,3
1184,519,Hva var Christopher Mortensens merkevareråd til bilimportører og forhandlere?,Hvilket merkevareråd har Christopher Mortensen til bilimportørene?,0.05934202609760488,0.39999999999999997,0.4383680555555556,0.8502212166786194,3,3,3,3,3,3,3,3,3,3,3,3,2,2
1016,447,Hva skriver Oljedepartementet på sin nettside om utviklingen av olje- og gassnæringen i Norge?,Hva skriver Oljedepartementet på sine nettsider?,0.1739579737564224,0.3809523809523809,0.7323529411764705,0.8444713354110718,3,3,3,2,3,3,3,2,3,3,3,3,3,3
820,650,Hvordan formidlet advokat John Christian Elden sin klients reaksjon til BT?,Hva har advokat Elden sendt til BT?,0.14323145079400493,0.4444444444444444,0.4265202702702703,0.8121957778930664,3,3,3,2,3,3,2,2,3,3,3,2,3,2
1153,510,Hvor kommer skipsreder Einar Johan Rasmussen fra?,Fra hvilken by kommer Einar Johan Rasmussen?,0.23356898886410016,0.5714285714285714,0.3650793650793651,0.8407577872276306,3,3,3,3,3,3,2,2,3,3,3,3,3,3
1085,477,Hvor mange nye hivsmittede ble rapportert i Pakistan i 2017?,Hvor mange nye hiv-smittede var det i Pakistan i 2017?,0.46924700641055994,0.6666666666666666,0.6918367346938775,0.8869683742523193,3,3,3,3,3,3,3,3,3,3,3,3,3,3
340,517,Hvilken type forventninger har Folketrygdfondet til selskapenes styrer?,Hva slags forventninger har folketrygdfondet til norske selskaper?,0.11339582221952005,0.5,0.49609375,0.9064156413078308,3,2,3,2,3,3,3,3,3,2,3,2,3,3
1929,254,Hva var et av julens koseligste og mest uforglemmelige ritual for ikke lenge siden?,Hva var et av julas koseligste ritualer?,0.18207052811092128,0.4761904761904762,0.6285714285714286,0.8395808935165405,3,3,3,2,3,3,3,3,3,3,3,3,3,3
181,479,Hvorfor har norske myndigheter ved ambassaden i Moskva fulgt opp Frode Berg?,Hvorfor har ambassaden i Moskva fulgt opp Frode Berg?,0.6115380576901023,0.8571428571428571,0.9624319660161953,0.9301482439041138,3,3,3,3,3,3,3,3,3,3,3,3,3,3
1626,148,Hva innebærer politiets arbeid med å sjekke foranledningen til hendelsen?,Hva innebærer det å sjekke foranledningen til dødsfallet?,0.28997844147152074,0.631578947368421,0.7181571815718157,0.8874180316925049,3,3,3,2,3,3,3,3,3,2,3,2,3,3
128,466,Hvor stor oppslutning fikk Høyre i fylkestingsvalget i Viken?,Hvilken oppslutning fikk Høyre i fylkestingsvalget i Viken?,0.7598356856515927,0.8421052631578948,0.8629377676996723,0.9637038707733154,3,3,3,3,3,3,3,3,3,3,3,3,3,3
166,614,Hvilke T-banelinjer får endringer på grunn av arbeidet i tunnelene mellom Tøyen og Brynseng?,Hvilke linjer får endringer på grunn av planlagt arbeid mellom Tøyen og Brynseng?,0.5038920485259634,0.7500000000000001,0.7530534351145038,0.9314548969268799,3,3,3,2,3,3,3,3,3,3,3,3,3,3
1830,214,Hva kan ulykker på veiene skyldes?,Hva kan skyldes at det skjer ulykker?,0.1431720073264775,0.4615384615384615,0.2717391304347826,0.8406605124473572,3,2,3,2,3,3,3,3,3,3,3,3,3,3
692,607,"I hvilken sammenheng drepte israelske styrker 34 barn i fjor, ifølge FN?",Når har Israel drept 34 palestinske barn?,0.03737437943747671,0.1904761904761905,0.13333333333333333,0.7577016353607178,3,2,3,2,3,3,3,3,3,2,3,2,3,2
961,694,Hvem ønsker politiet å komme i kontakt med etter eksplosjonen i Vårberg?,Hvem skal ha vært tilstede under eksplosjonen?,0.04065425428798724,0.2,0.06666666666666667,0.8036342859268188,3,3,3,1,3,3,3,2,3,1,3,2,3,2
1063,464,Hva pekes delene fra KNM Helge Ingstad på som mest aktuelle som?,Hvordan kan noen av delene fra fregatten Helge Ingstad brukes?,0.09238430210261096,0.3636363636363636,0.36764705882352944,0.7842670679092407,2,3,3,2,3,3,3,3,3,3,3,3,3,3
2274,277,Hvor har Kaare R. Norum hatt verv?,Hvor hadde Kaare R. Norum verv?,0.3688939732334405,0.7692307692307692,0.7311475409836065,0.9425656795501709,3,3,2,2,3,3,3,3,3,3,3,3,3,3
1643,157,Hvordan beskrives Sylvi Listhaugs holdning til kjøtt?,Hvordan er Sylvi Listhaugs holdning til kjøtt?,0.7071067811865478,0.875,0.8412698412698414,0.9334126114845276,3,3,3,3,3,3,3,3,3,3,3,3,3,3
1415,615,Når starter den nye sesongen for oljeboring i Barentshavet?,Når starter ny sesong for oljerigging i Barentshavet?,0.20556680845025987,0.631578947368421,0.5506172839506173,0.924846351146698,3,3,3,3,3,3,3,3,3,3,3,3,3,3
1991,282,Hva har Jasmin Bogdanovic pådratt seg?,Hva har Jasmin klart å pådra seg?,0.2664731314108428,0.7142857142857143,0.5434782608695652,0.8688398003578186,3,2,3,2,3,2,3,3,3,3,3,3,3,3
1105,490,Hvor mange år varte dopingstraffen som Loginov sonet etter EPO-avsløringen i 2014?,Hvor mange strafferunder fikk Erlend Bjøntegaard?,0.06837203339116284,0.19047619047619047,0.2840909090909091,0.6994707584381104,3,3,3,3,3,3,3,2,3,3,3,3,3,3
1302,570,Hvem sto i mål for Pittsburgh Penguins?,Hvem var keeper for Penguins?,0.13134549472120788,0.4615384615384615,0.28846153846153844,0.8835045099258423,3,3,3,2,3,3,2,2,3,3,3,3,3,3
140,468,Hvilket lag skal møte Sverige i semifinalen i curling-EM?,Hvilket lag spiller mot Sverige i semifinalen?,0.20556680845025987,0.5555555555555556,0.4383680555555556,0.8369140028953552,3,3,3,3,3,3,3,3,3,3,3,3,3,3
1443,629,Hvem slo Helene Fossesholm på oppløpet i kvinnenes 10 kilometer fellesstart?,Hvem ble slått av Helene Fossenholm på oppløpet i kvinneklassen?,0.14991106946711685,0.5,0.44158415841584164,0.8726831078529358,3,3,3,3,3,3,2,3,1,3,1,3,1,3
943,690,Hvor lenge preget sorgen over sønnenes cerebral parese Neil Youngs karriere?,Hvor lenge var Neil påvirket av at begge sønnene hans hadde cerebral parese?,0.08972971553870872,0.3703703703703704,0.290625,0.8038791418075562,3,3,3,2,3,3,3,3,3,3,3,3,3,3
647,594,Hva gjorde Arild Berg som 26-åring?,Hva gjorde Arild Berg da han var 26 år?,0.295580130165708,0.6250000000000001,0.4561781609195403,0.9175572991371155,3,3,2,2,3,3,3,3,3,3,3,3,3,3
1365,596,Når døde veidirektør Tore Moe Gustavsen?,Når døde veidirektør Gustavsen?,0.30739407647563216,0.8750000000000001,0.8928571428571429,0.9474467635154724,3,3,3,3,3,3,3,3,3,3,3,3,3,3
1490,647,Når møtes lagene igjen i Bergen?,Når møtes Runar Sandefjord og FyllingenBergen neste gang?,0.10923299908191149,0.4444444444444445,0.24038461538461542,0.7716797590255737,3,3,2,3,3,3,2,2,3,3,3,3,3,3
306,509,Når ble Terje Søviknes og Sylvi Listhaug valgt som nestledere i Frp?,Når ble Søviknes valgt til nestleder i Frp?,0.15727800941615352,0.6666666666666666,0.7555879494655005,0.8735923767089844,3,3,3,3,3,3,2,2,3,3,3,3,3,3
2140,166,Hvorfor er Theresa May villig til å gå av dersom brexit-avtalen hennes blir vedtatt?,Hvorfor vil Theresa May gå av som statsminister hvis Underhuset godtar brexit-avtalen hennes med EU?,0.09151480843357343,0.5333333333333333,0.42596904533625535,0.8652816414833069,3,3,3,3,3,3,3,3,3,3,3,3,3,3
1072,473,Hvor mange ganger er siktede blitt avhørt?,Hvor mange ganger har den siktede i saken blitt avhørt?,0.24694586397773896,0.7368421052631579,0.5798969072164949,0.9140303134918213,3,3,3,3,3,3,2,2,3,3,3,3,3,3
1957,263,Hvorfor er politikernes snuoperasjon om Kastbrekka i siste liten?,Hvorfor er det i siste liten å endre mening om et nytt boligområde på Kastbrekka nå?,0.10969366323983822,0.39999999999999997,0.3340595497458243,0.7969277501106262,3,3,3,2,3,2,3,3,3,3,3,3,3,3
452,555,Hvordan var terrenget i området der skredet gikk?,Hvordan var området der skredet gikk?,0.5133450480401706,0.8750000000000001,0.9498207885304659,0.9512999057769775,3,3,3,2,3,3,3,3,3,3,3,2,3,2
1630,164,Hvem vant Norway Chess?,Hvem var vinneren av Norway Chess?,0.28641904579795424,0.6,0.4406130268199233,0.892318844795227,3,3,3,3,3,3,3,3,3,3,3,3,3,3
1561,684,Når ga Miljødirektoratet utslippstillatelse til gruvedrift i Kvalsund?,Når ga Miljødirektoratet sin utslippstillatelse for Repparfjorden?,0.20164945583740657,0.631578947368421,0.5281690140845071,0.8941099643707275,3,3,3,3,3,3,3,3,3,2,3,3,3,3
887,667,Hvor store skader fikk katedralen i brannen?,Hvordan var skadene på Notre-Dame etter brannen mandag?,0.057955996129953655,0.125,0.0,0.8376870155334473,3,3,3,2,3,3,3,3,3,3,3,3,3,3
2122,266,Når skrives Sverre Lunde Pedersen ut fra sykehuset?,Når kan Sverre dra fra sykehuset?,0.20164945583740657,0.6250000000000001,0.5090725806451614,0.869388997554779,3,3,3,2,3,3,3,3,3,2,3,2,3,3
1319,576,Hvilke avganger forbi Hustadvika hadde Hurtigruten innstilt på grunn av uværet?,Hvilke avganger hadde Hurtigruta innstilt den aktuelle lørdagen?,0.08516593018819643,0.380952380952381,0.38027108433734946,0.8370029330253601,3,3,3,2,3,3,3,3,3,3,3,3,3,3
1911,245,Hvor mange kan ifølge Johan Kaggestad gå som mosjon?,Hvem kan gå?,0.05522397783539471,0.30769230769230765,0.13888888888888892,0.7686845660209656,3,3,3,2,3,3,3,3,3,3,3,2,3,3
823,652,Når anbefalte Bente Thorsen at saken ble anmeldt?,Når bestemte Thorsen seg for å anmelde hendelsen?,0.06274655310994741,0.35294117647058826,0.125,0.8297070860862732,3,3,3,2,3,3,3,3,3,2,3,2,3,2
0,443,Hvilken flyplass i Moss har vært stengt siden 2016?,Hva er navnet på flyplassen i Moss?,0.092875289995668,0.23529411764705882,0.06944444444444445,0.8388754725456238,3,3,3,2,3,3,3,3,3,3,3,3,3,2
882,665,Hva handler artikkel åtte i den Europeiske Menneskerettskonvensjonen om?,Hva handler artikkel åtte i den Europeiske Menneskerettskonvensjonen om?,1.0000000000000004,1.0,0.9993141289437586,1.0000001192092896,3,3,3,3,3,3,3,3,3,3,3,3,3,3
1736,188,Hvilket selskap eier T-banetomten i Sandakerveien?,Hvem eier i dag T-banetomten i Sandakerveien?,0.3768499164492418,0.6666666666666666,0.5434782608695652,0.9251552224159241,3,3,3,3,3,3,3,3,3,3,3,3,3,3
1801,265,Hvem var ordfører i Malvik kommune da hun omkom i en båtulykke utenfor Namsos?,Hva heter ordføreren som mista livet utenfor Namsos natt til i dag?,0.06250381527944883,0.20689655172413793,0.0819672131147541,0.7673889994621277,3,3,3,3,2,3,3,3,3,3,3,3,3,3
42,448,Hvordan ble den interne e-posten fra Nav Klageinstans datert 25. februar 2019 avsluttet?,Hvordan avsluttes den interne Nav-eposten fra 25. februar 2019? ,0.21651956746181064,0.5833333333333334,0.5437352245862884,0.8507696986198425,3,3,3,3,3,3,3,3,3,3,3,3,3,3
2138,205,Hva heter pressesjefen i Google Norge?,Hva heter pressesjefen i Google Norge?,1.0000000000000004,1.0,0.9976851851851852,1.0,3,3,3,3,3,3,2,2,3,3,3,3,3,3
268,499,Hva står forkortelsen KSAT for?,Hva står KSAT for?,0.3799178428257963,0.9090909090909091,0.9146341463414633,0.8950480818748474,3,3,3,3,3,3,3,3,3,3,3,3,3,3
2363,325,Hvem slo Aleksander Aamodt Kilde i kampen om tredjeplassen i utforcupen?,Hvem havnet på tredjeplass i finalen?,0.04456882760699063,0.23529411764705885,0.15384615384615385,0.7731613516807556,3,3,3,2,3,3,3,3,3,3,3,3,3,3
2345,324,Hvilken stilling har Stine Hartmann i Oslo maraton?,Hva jobber Stine Hartmann som?,0.10552670315936317,0.3076923076923077,0.3537735849056604,0.8335801362991333,3,3,3,2,3,3,2,2,3,3,3,3,3,3
1557,681,Hvilken dag utsatte Jonas Gahr Støre Arbeiderpartiets oppsummerende pressekonferanse til?,Når skal Arbeiderpartiet ha sin oppsummerende pressekonferanse?,0.08295193507109859,0.2105263157894737,0.136986301369863,0.8465814590454102,3,3,3,2,3,3,2,2,3,3,3,3,3,3
612,586,Hvordan var Guardiolas svar på de første spørsmålene på pressekonferansen?,Hvordan var Guardiolas svar på de første spørsmålene på pressekonferansen fredag?,0.8352052074548166,0.962962962962963,0.8251217578434704,0.9792855381965637,3,3,3,3,3,3,3,3,3,3,3,3,3,3
1110,492,Hva mener Moxnes det kan føre til dersom MDG får for stor innflytelse?,Hva mener Moxnes for stor MDG-innflytelse kan føre til?,0.20803758261089228,0.5384615384615385,0.7153712548849327,0.8993916511535645,3,2,3,3,3,3,3,3,3,3,3,3,3,3
1349,591,Hvem spiller Norge mot i sin første kamp i EM?,Hvilket lag spiller Norge mot 10. januar?,0.14991106946711685,0.33333333333333326,0.4033485540334855,0.8053198456764221,3,3,3,3,3,3,2,2,3,3,3,3,3,3
595,582,Hvor gammel var Bjørn Maars Johnsen da han dro til Norge for å prøve fotball-lykken?,Når kom Maars Johnsen til Norge?,0.07314031826828765,0.3333333333333333,0.37037037037037035,0.807353675365448,3,3,3,2,3,3,3,3,3,3,3,3,3,2
1795,202,Hvilke mesterskap venter i de tre neste sesongene etter mellomsesongen?,Hvilke sportsarrangementer venter de tre neste sesongene?,0.26985534666825095,0.7058823529411764,0.610958904109589,0.8543797731399536,3,2,3,2,3,3,3,3,3,3,3,2,3,3
2025,303,Når fikk politiet melding om hendelsen i Snartemo?,Når fant ulykken sted?,0.05669791110976001,0.2857142857142857,0.11363636363636363,0.7682151794433594,3,3,3,2,3,3,3,2,3,2,3,2,3,2
379,530,Hva heter syklonene som rammet Mosambik?,Hvilke to sykloner rammet Mosambik i år?,0.12600736402830257,0.30769230769230765,0.07246376811594203,0.8707075715065002,3,3,3,3,3,3,2,2,3,2,3,3,3,3
2297,233,Hva ble den kinesiske tolken Ying Guo dømt til seks års fengsel for?,Hva ble Ying Guo satt i fengsel for?,0.15537125692760353,0.5454545454545454,0.6617647058823529,0.8658251166343689,3,3,3,3,2,3,2,2,3,3,3,3,3,3
2090,145,Hva har man tidligere fått fritak fra når man handlet varer fra utlandet til en verdi under 350 kroner?,Hva har en tidligere fått fritak fra ved handel av varer fra utlandet til under 350 kr?,0.2962789157394226,0.6666666666666666,0.7343126462088894,0.8851538896560669,3,3,3,3,3,3,3,3,3,3,3,3,3,3
295,506,Hva slags virus er LockerGoga?,Hva slags datavirus er LockerGoga?,0.3799178428257963,0.8000000000000002,0.7500000000000001,0.9494649171829224,3,3,3,3,3,3,3,3,3,3,3,3,3,3
144,469,Hva kalte Bjørnar Moxnes Siv Jensen fra talerstolen på Stortinget?,Hva kalte Bjørnar Moxnes minister Siv Jensen?,0.28997844147152074,0.7368421052631579,0.6630136986301369,0.8825559616088867,3,3,3,3,3,3,3,3,3,3,3,2,3,3
916,677,Hvem skulle Casper Ruud møte i den andre runden av Roland-Garros?,Hvem skal Ruud spille mot på onsdag?,0.04456882760699063,0.2,0.13513513513513514,0.8031240105628967,3,3,3,2,3,3,3,3,3,3,3,3,3,3
626,590,Hva heter selvbiografien til Aksel Lund Svindal?,Hva heter selvbiografien til Svindal?,0.4111336169005198,0.8333333333333333,0.9307692307692308,0.9403085112571716,3,3,3,3,3,3,2,2,3,3,3,3,3,3
2113,156,Hvor mange nordmenn med penger i fond aner hvor pengene er?,Hvor mange nordmenn vet hvor fondspengene sine egentlig er plassert?,0.14991106946711685,0.47619047619047616,0.37128712871287134,0.8585280179977417,3,2,3,3,3,3,3,3,3,3,3,3,3,3
465,549,"Hvilket sykehjem fikk 5,7 av 6 på bruker- og ansatteundersøkelsen og er byens mest populære sykehjemsenhet?",Hva heter Trondheims mest populære sykehjemsenhet?,0.14317123154555067,0.3076923076923077,0.42063492063492064,0.7843387126922607,3,3,3,3,2,3,3,3,3,3,3,3,3,3
1297,568,Hvem er leder for Frp?,Hvem var det som ikke deltok på krisemøtet i statsministerboligen på onsdag?,0.03005799339448764,0.1111111111111111,0.04424778761061946,0.7647496461868286,3,3,3,3,3,3,2,3,3,3,3,3,3,3
1399,609,Når planlegger Madagaskar å starte et program for å gi barn begge dosene av meslingvaksinen?,Når planlegger Madagaskar å starte et program for å gi begge messing-vaksinedosene til barn?,0.6223329772884783,0.7142857142857143,0.7777973155149173,0.9025588631629944,3,2,3,2,3,3,2,2,3,3,2,2,2,2
1220,557,Når blir evalueringen av prøveprosjektet i Olav Tryggvasons gate lagt fram for trondheimspolitikerne?,Når kommer den endelige evalueringen av prøveprosjektet?,0.12011055432195765,0.5,0.3362573099415205,0.818544864654541,3,3,3,2,3,3,3,3,3,2,3,3,3,3
2051,318,Hvor hardt rammet ble flyplassen i Aklan av tyfonen Phanfone?,Hvordan er flyplassen i Aklan?,0.14991106946711685,0.4,0.34090909090909094,0.8095294833183289,3,3,3,2,3,3,3,3,3,3,3,2,3,3
1265,553,Hva sier Frode Bergs norske advokat Brynjulf Risnes om opplysningene om en utvekslingsavtale?,Hvordan kommenterer advokat Risnes opplysningene om at en avtale skal være på plass?,0.07474875887495341,0.3703703703703704,0.28615384615384615,0.8112637996673584,3,3,3,3,3,3,3,3,3,3,3,3,3,3
499,558,Hvorfor trakk latvierne Martins Plavins og Edgars Tocs seg fra kampen mot Mol og Sørum?,Hvorfor trakk Plavins og Tocs seg fra kampen mot nordmennene?,0.30130404892785695,0.6923076923076923,0.8195179306290419,0.8502320647239685,3,3,3,3,2,3,2,2,3,3,3,3,3,3
2318,238,Hvem er forsvareren til den siktede politimannen?,Hvem er den siktedes forsvarer?,0.13134549472120788,0.5,0.7211538461538461,0.8864157795906067,3,3,3,3,3,3,3,3,3,3,3,3,3,3
1372,598,Hvor så pappa Øyvind Skaanes sønnens VM-bronseløp i Lahti?,Hvordan så Øyvind Skaanes sprinten i junior-VM?,0.10552670315936317,0.4,0.4383680555555556,0.8550832867622375,3,3,3,2,3,3,3,2,3,3,3,2,3,3
487,554,Hva heter Øvrevolls administrerende direktør?,Hvem er sjef på Øvrevoll travbane?,0.06870636427700047,0.0,0.0847457627118644,0.8156290650367737,3,3,3,2,3,3,3,3,3,1,3,2,3,3
1460,639,Hva heter forsvareren til 32-åringen som er siktet for medvirkning til drapet i Mehamn?,Hvem er forsvareren til 32-åringen som er siktet for medvirkning?,0.5581600587827485,0.6923076923076923,0.6465855572998429,0.9100238084793091,3,3,3,3,3,3,3,3,3,3,3,3,3,3
1685,170,Hvem er direktør i Norsk filminstitutt?,Hvem er Sindre Guldvog?,0.14535768424205484,0.36363636363636365,0.44642857142857145,0.7821739315986633,3,3,3,1,3,3,3,3,3,3,3,2,3,1
1982,279,Hvor mange personer ble lettere skadd i eksplosjonen i Linköping?,Hvor mange mennesker ble skadd?,0.09425159511373676,0.5000000000000001,0.46464646464646464,0.8388518691062927,3,3,3,2,3,3,3,3,3,2,3,2,3,2
2120,306,Hvem er det som må ta regningen for at kongefamilien er dyr i drift?,Hvem betaler for driften av kongefamilien?,0.03716499092256817,0.3,0.14705882352941177,0.8174203634262085,3,3,3,3,3,3,3,3,3,3,3,3,3,3
1311,574,Hvorfor forlot Sigrid Bonde Tusvik Humorprisen?,Hvorfor forlot Sigrid Tusvik Humorprisen?,0.4111336169005196,0.9090909090909091,0.9490196078431373,0.9510290026664734,3,3,3,3,3,3,3,3,3,3,3,3,3,3
398,534,Hvor har Ole Gunnar Solskjær managerjobben?,Hvor har Ole Gunnar Solskjær sjefsstolen?,0.6434588841607617,0.8571428571428571,0.8300000000000002,0.9212515950202942,2,2,2,2,3,3,3,3,3,3,3,3,3,3
805,644,Hvilket drivstoff seiler alle Hurtigrutens skip på i dag?,Hvilket drivstoff bruker Hurtigrutens fartøyer?,0.09980099403873663,0.4,0.4732510288065844,0.8846563696861267,3,3,3,3,3,3,3,3,3,3,3,3,3,3
1058,460,"Hva erkjenner programdirektør i Forsvarsdepartementet, generalmajor Morten Klever, overfor Bergens Tidende?",Hva erkjenner generalmajor Klever overfor BT?,0.07474875887495341,0.5555555555555556,0.48557692307692313,0.816247820854187,3,3,3,3,2,3,3,3,3,3,3,3,3,3
1951,262,"Hva er bedre enn å slå Rosenborg på Lerkendal, ifølge Sander Svendsen?",Hva synes Svendsen er bedre enn å slå Rosenborg?,0.38720157050710163,0.6,0.6332138590203108,0.8489055037498474,3,3,3,2,3,3,3,3,3,3,3,3,3,3
837,653,Hvor lenge har Grande ledet Venstre?,Hvor lenge har Trine Skei Grande ledet Venstre?,0.4468310718440574,0.8571428571428571,0.754985754985755,0.8976494073867798,3,3,3,3,3,3,3,3,3,2,3,3,3,3
115,471,Hvor ligger Engabreen?,Hvor ligger Engabreen?,1.0000000000000004,1.0,0.9814814814814815,1.0,3,3,3,3,3,3,2,2,3,3,3,3,3,3
742,623,Hvilket lag spiller Myles Garrett for?,Hvilket lag vant kampen mellom Pittsburgh og Cleveland?,0.10923299908191149,0.28571428571428575,0.24038461538461542,0.8200567364692688,3,3,3,3,3,3,3,2,3,3,3,3,3,3
1481,645,Hvilken type renn skal gås i Oberstdorf onsdag?,Hvilken øvelse kommer på onsdag?,0.10552670315936317,0.2857142857142857,0.18867924528301888,0.821421205997467,3,3,3,2,3,3,2,2,3,3,3,3,3,3
